,https://provo.craigslist.org/thp/d/amazingasian-massage/6423970420.html,, ,,,,2017-12-13 17:34:56.404000,CL1, 
Deep Tissue Massage $1 per minute as low as $25 starts you!,https://provo.craigslist.org/thp/d/deep-tissue-massage-1-per/6422639767.html,"Lehi,Traverse,Mountain",2017-12-12 10:39:32,,,,2017-12-13 17:35:02.101000,CL1,"Female Licensed Massage Therapist providing by the minute massage services! I charge $1.00 per minute with a discount for 60 minutes or more. Sometimes you don't want to spend money for a full hour but you may desperately need regular massage for a problem area, that's why I created by the minute massage services!Deep TissueInjuriesFoot PainCarpal Tunnel FibromyalgiaRotator CuffShin SplintsHamstring injuriesRunners massageBikers massageSports MassageInjury MassageBack PainNeck Pain Shoulder PainRelaxation MassagePrenatal MassagePlease text 385-235-l827 Please visit my website Please no weird calls, this is for people who need a daily affordable massage routine, sometimes 20 minutes gets the job done! http://buytheminutemassage.com "
Sakura Massage & SPA (385)312-0030 Free Table Shower Available,https://provo.craigslist.org/thp/d/sakura-massage-spafree-table/6421663653.html,"North,West,Provo",2017-12-11 14:44:27,40.259223,11.675965,1937 North 1120 West,2017-12-13 17:35:07.787000,CL1,"Sakura Massage & Spa  Call now to book your appointment  show contact info 1937 North 1120 West, Provo, UT 84604 Hours: Mon - Sat 10 am to 8 pm Sunday by appointment onlyTherapeutic services: Swedish Massage Shiatsu (light pressure massage, mixed with energy work and stretching) Ashiatsu (Back Walking) Cranial Sacral Therapy (energy work) Deep Tissue Massage Injury Massage Stuctural Bodaywork Reflexology with Foot Bath Hot Stone Massage Prenatal Massage Couples Massage Four Hands Massage Chair massage Full Body Exfoliation (body scrub)Pricing: 30 min - $40 60 min - $60 90 min - $85 120 min - $110 Full Body Exfoliation - $45Extras: Cupping - $10 (depending on the area) Gua Sha - $10 (depending on the area) Paraffin Wax Bath $8Here's what you can expect from Sakura Massage & SPA: Same-day appointments available Friendly staff Experienced therapists Immediate pain relief Gift certificates available Free consultation Professional and safe environment All major credit cards accepted Free table shower availableCouples Massage and Four Hands Massage by Appointment only. Discounted rates or a free parafffin wax bath for hands are offered for all appointments booked at least 24 hours in advance."
,https://provo.craigslist.org/thp/d/new-diamond-spa-massage/6421311497.html,, ,,,,2017-12-13 17:35:13.562000,CL1, 
I put the AHH in massAHHge!,https://provo.craigslist.org/thp/d/put-the-ahh-in-massahhge/6421205700.html,"google,map",2017-12-11 10:05:13,40.323468,11.694856,43 e,2017-12-13 17:35:19.315000,CL1,I put the AHH in massAHHge!Therapeutic Deep tissue Hot oilAnd more...Call now  show contact info
,https://provo.craigslist.org/thp/d/free-table-showermay-blossom/6420045479.html,, ,,,,2017-12-13 17:35:25.096000,CL1, 
,https://provo.craigslist.org/thp/d/new-asian-masseuses-awesome/6420043440.html,, ,,,,2017-12-13 17:35:30.830000,CL1, 
,https://provo.craigslist.org/thp/d/sweet-masseusegreen-massagetel/6420042992.html,, ,,,,2017-12-13 17:35:36.550000,CL1, 
Heaven Sent Massage,https://provo.craigslist.org/thp/d/heaven-sent-massage/6419411841.html,Provo,2017-12-09 17:51:55,40.260700,11.654900,,2017-12-13 17:35:42.475000,CL1,Offering professional massages. Discount $10 off for the Christmas Season! Gift Certificates available.60 minutes $50 90 minutes $75120 minutes $100Student discount 60 minutes $25Thai Yoga 60 minutes $30Couples massages 60 minutes $90Hot Stone massage 60 minutes $60Call Josslyn to schedule at  show contact info.
,https://provo.craigslist.org/thp/d/amazingasian-massage/6417000027.html,, ,,,,2017-12-13 17:35:48.302000,CL1, 
Amazing Massage Form Day Spa (801) - 224 - 4000,https://provo.craigslist.org/thp/d/amazing-massage-form-day-spa/6416242230.html,"S,Orem,Blvd,Orem,UT",2017-12-07 10:39:53,40.272663,11.683321,1119 S Orem Blvd,2017-12-13 17:35:53.998000,CL1,"We offer massage designed to fit your body's needs , We do relaxing and therapeutic massage , Deep tissue, Swedish massage , Thai massage , Back walk, Hot stone massage and Foot massage !  Call NowAppointments and Wlk-Ins are Welcome !Full Body Massage30 minutes for $4560 minutes for $6090 minutes for $90Foot Massage30 minutes for $3060 minutes for $40We Accept These Credit Cars : Visa ,  MasterCard , American Express and Discover    "
,https://provo.craigslist.org/thp/d/amazingasian-massage/6415534361.html,, ,,,,2017-12-13 17:35:59.792000,CL1, 
☆ ☆ ☆ ☆ ☆ FABulous Massage ~ ONLY $39,https://provo.craigslist.org/thp/d/fabulous-massage-only-39/6415219254.html,Orem,2017-12-06 14:01:36,40.312522,11.661446,1448 E 820 N,2017-12-13 17:36:05.592000,CL1,NEW CLIENTS - get a Fabulous massage for a Fabulous price with Heather or Esther@Berkana BodyWorks! ONLY $39 for a FULL 60 Minute Swedish Massage with Peppermint Foot Wraps: Refreshing Relaxing Rejuvenating Restorative RenewingBy Appointment Onlywith Heather or EstherMondays - Thursdays 3:00 pm - 8:30 pmSaturdays 1:30 pm -7:00 pm BOOK NOWOr call  show contact infoTherapeutic Services OnlyMust mention Craig's List ad for discount Limit one $39 massage per person 
Taoist Massage By Reverend Jody,https://saltlakecity.craigslist.org/thp/d/taoist-massage-by-reverend/6424328835.html,"google,map",2017-12-13 14:49:00,40.784571,11.933346,,2017-12-13 17:36:11.319000,CL1,"This is not a deep tissue / muscle massage. It is a full-body technique that works on the meridians. Arousal and deep relaxation are simply pleasant side-effects. Building and moving energy is the focus.In the Taoist massage we awaken the pleasure and the energy in a sublime and controlled way, spreading the energy throughout the entire body, using it as a way of accessing a deeper level of pleasure, into what we might call ecstatic happiness.This is a way of learning something new about yourself, and enriching your life through loving, conscious touch, It is a beautiful, and very intimate moment full of love, touching both body, mind and soul. Only $200/session.The Taoist Massage is NOT massage therapy, as defined by Utah statute. Any inappropriate solicitations will be immediately blocked. Contact only if you are serious about a spiritual experience.    "
Do You or Someone You Know Suffer from Diabetes? Click Here Now!,https://saltlakecity.craigslist.org/thp/d/do-you-or-someone-you-know/6424285681.html,"google,map",2017-12-13 14:18:11,40.622600,11.777700,,2017-12-13 17:36:17.068000,CL1,"Do you or someone you know suffer from diabetes? What if I told you I could help you to reverse insuline resistance for prediabetes and Type 2, also for Type 1 keep your A1C at a 6 or lower!My grandmother died 8 years ago due to heart disease from being a diabetic, she did everything her doctor told her to do, still there was not much success. Doctors follow the same prescription for every patient with diabetes, low carb high protein diet. What if I told you this is wrong, the doctors have no clue how to treat this disease. I have a diet that will turn your diabetic world upside down! Call now for a consultation for only $250.00I can help you get off your meds and save you 1,000's of dollars all by using my method that will change your life!Get back to:Eating well againExercise Having energy Happiness Feeling aliveI also offer coaching, meal plans, meal prep, exercise regimens and help you shop for your groceries. (Pricing will go up for these additional services) Start 2018 off right with a new you! Get back to your self again and don't let diabetes run your world! I look forward to working with you and changing your life!    "
,https://saltlakecity.craigslist.org/thp/d/amazingasian-massage/6424181344.html,, ,,,,2017-12-13 17:36:22.758000,CL1, 
Your Phenomenal Massage experience awaits.....,https://saltlakecity.craigslist.org/thp/d/your-phenomenal-massage/6424175581.html,Holladay,2017-12-13 13:02:06,40.678476,11.852144,,2017-12-13 17:36:28.588000,CL1,"Looking for a phenomenal massage that will leave you feeling like your Best again? Then give me a try today!!!  I am a Highly-skilled, and Passionate Massage therapist with years of experience... My goal in every session is to bring healing, rejuvenation, and balance to your body, leaving you in an awakened state of Relaxation! I specialize in:Swedish, Light-Deep tissue,Sports Massage,Post-surgery, Injury recovery,Sleep Massage,Aromatherapy (upon request)Plus---Hot stones, Hot oils, Hot towels, & Light Stretches are included in Every session at NO extra cost! (Please note that I Do NOT offer foot massage)So whether you need help recuperating from an injury or just need to relax, a session with me will leave your body ready to take on your next endeavor... Treat yourself today with a Visit to my Beautiful, serene studio and let your worries, aches, and pains fade away.Available By Appointment ONLY......Mon-Sun 9am to 9pm, ... Please be respectful and Do Not contact me outside my business hours, I will Not return your call or text....Serious Massage inquiries Only!!! Offensive texts will Not be answered!!!Text preferred, And please leave a Voicemail If you want me to return your missed call....Cici  show contact infolicense info: 8720388-4701PRICES: $80~ 1 hour$100~ 75 min$130 ~ 90 min$170 ~ 2 HrsCash preferred, Credit cards accepted with fee ($5)Cici  show contact infoHighly-skilled Licensed Massage Therapist Thank You For Your Consideration.I Do not answer Unknown or Restricted calls.....PLEASE DO NOT contact me with unsolicited services or offers.... Please Do NOT send pictures! I will not respond...Love & Healing Always!!!    "
| ❤ | Relaxing Massage ▃ Best in Town (801)-837-7332,https://saltlakecity.craigslist.org/thp/d/relaxing-massage-best-in-town/6424068050.html,"E,S",2017-12-13 11:51:36,40.754800,11.881000,"272 e, 900 s",2017-12-13 17:36:34.323000,CL1,".**::*__S_U_P_E_R_**_R_E_L_E_X_A_T_I_O_N__*-::-**.  The Best Relaxation Asian Massage In Town!  Swedish/Deep Tissue/Shiatsu/ Acupressure/Reflexology  Friendly and skillful Chinese masseuses!  $45/30min, $60/hr,  $90/90mins. Skilled Asians who truly make you relaxed and give your body what it deserves!  Open 7 Days:10:00am-9:00pm. Text OR Call  show contact infoAddress:  272 E 900 S, Salt Lake City, UT 84111  "
ðŸŒº New feeling FREE Table Shower â˜Ž801-712-3635,https://saltlakecity.craigslist.org/thp/d/new-feeling-free-table-shower/6424060520.html,"S,Highland,Dr,Sandy,UT",2017-12-13 11:46:57,40.591633,11.832666,"8761 S Highland Dr,",2017-12-13 17:36:40.072000,CL1,"GRAND OPENING ANGEL MASSAGE ~ DEEP TISSUE ~ SWEDISH ~ BODY OIL MASSAGE~   Foot Reflexology  -  Stimulates - Energizing - Acupressure Point - Improve Sleeping - Helps Circulation & Calm Arthritis Beautiful & Sweet Asian Staff Are Ready To Give You BEST Service .  FREE Table Shower & HOT Stone   Body massage  $50/30min || $65/60min   Foot massage  $40/60min   Tel:  show contact infoOpen 7days 9.00am-11.00pm    Add:8761 S Highland Dr,Sandy, UT 84093~~  For The Most Relaxing Day Of Your Life~~ NECK PAIN  SHOULDER PAIN  BACK PAIN  MUSCLE PAIN  We Help your body and mind relax while improving your overall health!Appointments and Walk-ins are Welcome "
,https://saltlakecity.craigslist.org/thp/d/asiana-massagenew-ladies/6423996698.html,, ,,,,2017-12-13 17:36:45.860000,CL1, 
"Massage by Julie RN, LMT",https://saltlakecity.craigslist.org/thp/d/massage-by-julie-rn-lmt/6423952589.html,"East,Broadway",2017-12-13 10:38:56,40.762446,11.883969,250 East Broadway,2017-12-13 17:36:51.579000,CL1,"license info:  show contact infoCome in for a relaxing, therapeutic massage at Bodywork by Julie!Deep Tissue | Trigger Point | Sports Massage | Stretching | Injury Recovery | ReflexologyI am a licensed and insured massage therapist skilled in multiple modalities and can cater your session to your individual needs. I also have over 20 years of nursing experience assessing and implementing the needs of others.  Conveniently located downtown Salt Lake City. Plenty of parking and just 6 miles from the airport!Open 9am to 8pm daily by appointment only. Text is preferred. It's best to call or text before noon to get your scheduled appointment time at  show contact info. $60/HR$90/1.5HR$120/2HRCash or credit is accepted.Some out call available in the Salt Lake County area. Out call prices begin at $90/HR.    "
ðŸŒ¸ðŸŒ¸Just a great MassageðŸŒ¸ðŸŒ¸,https://saltlakecity.craigslist.org/thp/d/just-great-massage/6423886945.html,Murray,2017-12-13 09:57:59,40.666647,11.887568,4800 s,2017-12-13 17:36:57.379000,CL1,Taking appointments all week. $80/hour $120 for 90 minutesMed to deep tissue massageBest to book by noonText preferred10 am till 6 pmStrickly therapeutic massage. Please no innaproprate questions or expectations. Book nowVanessa show contact info
Half ASS Massage,https://saltlakecity.craigslist.org/thp/d/half-ass-massage/6423818951.html,,2017-12-13 09:14:10,,,,2017-12-13 17:37:03.239000,CL1,"I will spend HALF the session your Glutes, Hamstrings & Inner Thighs.Session is 50 minutes$60.00Hot oil hot towels show contact info"
The Perfect Way to End Your Day :)  Best massage in the valley!,https://saltlakecity.craigslist.org/thp/d/the-perfect-way-to-end-your/6423818855.html,,2017-12-13 09:14:08,,,,2017-12-13 17:37:09.180000,CL1,"Treat yourself to an amazing massage from experienced hands that know what they're doing.  My clients agree - You will LOVE my massage.  Feel free to read the testimonials from my webpage if you'd like.Click here to see what people had to say...My name is Brian and I would love to be YOUR therapist, giving you the massage that YOU want and not just the same-old-same-old.  I have years of experience am very good at what I do.  Whether you're looking for deep tissue/pain relief or just some wonderfully intoxicating relaxation I can help you out.Book an appointment today and see what you have been missing. You can come in to the spa or I can bring my table to you.  Regular Rates (In-Studio and Out-Call): Female $60/hr    Male $80/hrAsk me about my SPECIALS for 1st time clients!Call or Text to make an appointment now! Call or Text Brian at  show contact info "
Heavenly Energetics,https://saltlakecity.craigslist.org/thp/d/heavenly-energetics/6423812753.html,Holladay,2017-12-13 09:10:10,40.677200,11.813300,,2017-12-13 17:37:14.848000,CL1,"Life is meant to be lived in joy and bliss. This is the foundation for our work. Our sessions are unique as not only to be refreshing and rejuvenating, are designed so that you will always know peace and inspiration.We promote awareness of our powerful Kundalini energy, known to be healing and recharging of the spirit. By utilizing breath work, visualization and info. from my sessions you learn to work with this and achieve your goals and wishes (i.e., that dream partner, perfect job, etc.) The possibilities are endless.Other benefits include strengthening the IMMUNE SYSTEM, enhancing your true nature and improving relationships with others, etc.Most importantly, you will feel like you just got back from a mini-vacation :DYou may E-mail or call  show contact info for info. We look forward to seeing you! :)Blessings    "
"Eliminate Bad Habits, Stress, Smoking, Porn, Etc. FAST",https://saltlakecity.craigslist.org/thp/d/eliminate-bad-habits-stress/6423646247.html,"google,map",2017-12-13 07:01:34,40.725779,11.866644,809 E. 2100 S.,2017-12-13 17:37:20.084000,CL1,"Get fast and permanent results with clinical hypnosis - tax deductible:Eliminate stress Stop smoking FAST without withdrawals (100% reimbursement with IRS tax credit)Lose weight & raise your metabolism (100% reimbursement with IRS tax credit if referred by MD)Eradicate bad habits & self-defeating behaviorsPorn habitBuild confidence Increase motivation & focusAnger managementRemove guilt & shameFeelings of abandonmentSports hypnosisRelationship problemsIdentity issuesImprove athletic performanceMemory improvementSexuality Implement Law of Attraction - principles of The SecretRemove barriers to successEnergy healingLife coachingSleepEtc. I'm board certified as a Master Clinical Hypnotherapist with 7.5 yrs. of college and 3 degrees in psychology (including a Masters in Organizational Behavior). I get fast results with over 25 years of experience. I'm available during the day, evenings and most weekends by appointment only at my home/office in Sugar House. Discounts for students and current/former military.Call now for a free telephone consultation. Gift certificates available.Sugar House Hypnotherapywww.SugarHouseHypnotherapy.comshow contact info"
Massage therapy,https://saltlakecity.craigslist.org/thp/d/massage-therapy/6422866955.html,,2017-12-12 13:01:27,40.765051,11.890772,180 S main St,2017-12-13 17:37:25.291000,CL1,Welcome to Thai massage  Relaxing full body Massage Waiting for U text & call please  show contact info
,https://saltlakecity.craigslist.org/thp/d/amazingasian-massage/6422788629.html,, ,,,,2017-12-13 17:37:30.558000,CL1, 
| ❤ | Relaxing Massage ▃ Best in Town (801)-837-7332,https://saltlakecity.craigslist.org/thp/d/relaxing-massage-best-in-town/6422718499.html,"E,S",2017-12-12 11:27:27,40.754800,11.881000,"272 e, 900 s",2017-12-13 17:37:35.817000,CL1,".**::*__S_U_P_E_R_**_R_E_L_E_X_A_T_I_O_N__*-::-**.  The Best Relaxation Asian Massage In Town!  Swedish/Deep Tissue/Shiatsu/ Acupressure/Reflexology  Friendly and skillful Chinese masseuses!  $45/30min, $60/hr,  $90/90mins. Skilled Asians who truly make you relaxed and give your body what it deserves!  Open 7 Days:10:00am-9:00pm. Text OR Call  show contact infoAddress:  272 E 900 S, Salt Lake City, UT 84111  "
Wonderful Session by ME !  9a.m. - 7 p.m.,https://saltlakecity.craigslist.org/thp/d/wonderful-session-by-me-9am-7/6422675918.html,"SugarHouse,Incall,or,Downtown,Outcall",2017-12-12 11:01:12,40.704300,11.814200,,2017-12-13 17:37:41.012000,CL1,"I can't wait to see you. Come in for a great session 9a.m. - 7 p.m. by ADVANCE appt . ! 2100 south 1559 east in Sugar House Heated Table and Great setting. $80 full hour or $120 90 minutes.BOOK 2-4 hours AHEAD by text and get 5-10 extra minutes this week!      show contact infoI have over 2,000 practice hours completed so far and do Swedish and Thai Style in every session. Downtown Outcall is also available.  AJshow contact info"
,https://saltlakecity.craigslist.org/thp/d/asiana-massagenew-ladies/6422677588.html,, ,,,,2017-12-13 17:37:46.786000,CL1, 
✿ Most Relaxing Day Of Your Life ✿ (385) 645-8888,https://saltlakecity.craigslist.org/thp/d/most-relaxing-day-of-your-life/6422568538.html,Midvale,2017-12-12 09:57:16,40.621236,11.889709,33 E 7200 S,2017-12-13 17:37:52.560000,CL1," Most Relaxing Day Of Your Life  ~_~ The Most Relaxing Day Of Your Life ~_~ The Best Relaxation Asian Massage In Town! Tight neck and shoulders | Headache | Low back ache | Stressed or Anxious? Let us help your BODY and MIND relax while improving your OVERALL HEALTH! Swedish | Deep Tissue| Oil Massage | Acupressure | Foot Reflexology  $40/30min, $50/hr,  $90/90mins. Skilled Asians who truly make you relaxed and give your body what it deserves! You're welcome to shower here that will make you feel relax when you leave...Open Daily:10:00am-9:00pm. We sometime may have last minutes opening but booking is preferred: Text OR Call   show contact infoAddress:  33 E Fort Union Blvd, Midvale, UT 84047  "
"Looking only for clients that want a therapeutic, professional massage",https://saltlakecity.craigslist.org/thp/d/looking-only-for-clients-that/6422502852.html,murray,2017-12-12 09:16:20,40.655100,11.834000,4700 s 900 e 9a,2017-12-13 17:37:58.296000,CL1,"Therapeutic Only...Draping Is Required...No Inappropriate Language Or Suggestions. Only $49 for an AMAZING full hour. Try us out and see for yourself! Relaxing Remedy is at 4700 South 900 East 9A Murray, upstairs at Ivy Place. We are on the west side of 9th East just south of the closed down Kmart and across the street from Walmart. To book an appointment call or text us at  show contact info or if no answer call  show contact info. We are open Monday through Saturday however hours and days open may vary. Ofcourse, theraputic only. Draping and appropriate behavior always required...Please call For An Appointment Today!    "
"Massage by Julie RN, LMT",https://saltlakecity.craigslist.org/thp/d/massage-by-julie-rn-lmt/6422475274.html,"East,Broadway",2017-12-12 08:58:31,40.762446,11.883969,250 East Broadway,2017-12-13 17:38:04.001000,CL1,"license info:  show contact infoCome in for a relaxing, therapeutic massage at Bodywork by Julie!Deep Tissue | Trigger Point | Sports Massage | Stretching | Injury Recovery | ReflexologyI am a licensed and insured massage therapist skilled in multiple modalities and can cater your session to your individual needs. I also have over 20 years of nursing experience assessing and implementing the needs of others.  Conveniently located downtown Salt Lake City. Plenty of parking and just 6 miles from the airport!Open 9am to 8pm daily by appointment only. Text is preferred. It's best to call or text before noon to get your scheduled appointment time at  show contact info. $60/HR$90/1.5HR$120/2HRCash or credit is accepted.Some out call available in the Salt Lake County area. Out call prices begin at $90/HR.    "
Therapeutic Massage! Discount for new clients !!,https://saltlakecity.craigslist.org/thp/d/therapeutic-massage-discount/6422470895.html,Slc,2017-12-12 08:55:27,,,,2017-12-13 17:38:09.808000,CL1,"Just $80 this WEEK for all 90 min sessions!Regular rates are 80/ hr or 120 for 90 mins. Convenient location, private studio setting near slc / milcreek area. Same day is availableCall or message to set!   show contact infoText ok to schedule appointments! (Therapeutic & in studio only) This is a professional service in a studio office, no outcalls. No other inquiries. No job offers. No calls or texts after 9 pm. Hours are 8 am -8 pm -All Utah state laws apply.No calls after 10 pm. Do not contact with other offers.    "
"Eliminate Bad Habits, Stress, Smoking, Porn, Etc. FAST",https://saltlakecity.craigslist.org/thp/d/eliminate-bad-habits-stress/6422347399.html,"google,map",2017-12-12 07:23:06,40.725779,11.866644,809 E. 2100 S.,2017-12-13 17:38:15.509000,CL1,"Get fast and permanent results with clinical hypnosis - tax deductible:Eliminate stress Stop smoking FAST without withdrawals (100% reimbursement with IRS tax credit)Lose weight & raise your metabolism (100% reimbursement with IRS tax credit if referred by MD)Eradicate bad habits & self-defeating behaviorsPorn habitBuild confidence Increase motivation & focusAnger managementRemove guilt & shameFeelings of abandonmentSports hypnosisRelationship problemsIdentity issuesImprove athletic performanceMemory improvementSexuality Implement Law of Attraction - principles of The SecretRemove barriers to successEnergy healingLife coachingSleepEtc. I'm board certified as a Master Clinical Hypnotherapist with 7.5 yrs. of college and 3 degrees in psychology (including a Masters in Organizational Behavior). I get fast results with over 25 years of experience. I'm available during the day, evenings and most weekends by appointment only at my home/office in Sugar House. Discounts for students and current/former military.Call now for a free telephone consultation. Gift certificates available.Sugar House Hypnotherapywww.SugarHouseHypnotherapy.comshow contact info"
Massage by joe,https://saltlakecity.craigslist.org/thp/d/massage-by-joe/6422034009.html,Millcreek,2017-12-11 20:19:18,,,,2017-12-13 17:38:21.165000,CL1,"license info: Utah An amazing massage by joe nice strong hands offering M4M, M4W, MW4M, MW4W and couples massage. Our four hand massage is done by one male and one female therapist .intuitive professional therapists offering u The ultimate relaxation massage. Incorporating various massage styles from lite to firm pressure. Incredible lomi-lomi/polynesian massage given by a skilled therapist with years of experience. This is not a tickle your back type of massage unless that is what u want;) Real therapeutic massage, SERIOUS INQUIRIES. Available DAILY By appointment only. MALETherapist. No calls, TexT for appointment:  show contact info"
"I want to go home for the holidays, come get your pro MASSAGE today!",https://saltlakecity.craigslist.org/thp/d/want-to-go-home-for-the/6421892902.html,,2017-12-11 17:50:13,,,,2017-12-13 17:38:27.019000,CL1,"Hey, I'm JACKY Please book ahead for best availability. Same day appts available. I work out of a beautiful studio space in Sugarhouse. I do Swedish, Sports and Deep tissue work. Note - approximately 30 minutes from Park City, 15 minutes from the airport and 10 minutes from Downtown SLC *Professional LMT*Therapeutic only!$80 1 hr $120 90 min ~Soft towels, relaxing environment, warm room~TEXT:  show contact info*No appts after 9 pm*Thanks for looking & happy holidays    "
*~~~~~~~~~~FANTASTIC MASSAGE~~~~~~~~~~*,https://saltlakecity.craigslist.org/thp/d/fantastic-massage/6421788483.html,"google,map",2017-12-11 16:17:37,40.703692,11.888006,3149 South State Street,2017-12-13 17:38:33.066000,CL1,"Want a Fantastic and friendly massage? This is the place! Private clean rooms, unforgettable and beautiful therapists to pamper you. Cute, sweet, and petite Asian or American. You will leave without your stress / tension feeling Fantastic.4 HANDS UPON REQUEST :) OPEN MOST HOLIDAYS .Fantastic Massage3149 S. State StreetSLC, UT 84115show contact info"
Professional Bodywork,https://saltlakecity.craigslist.org/thp/d/professional-bodywork/6421639283.html,"google,map",2017-12-11 14:27:56,40.646770,11.936324,5665 s,2017-12-13 17:38:38.707000,CL1,"Come in for a professional therapeutic massage from a skilled bodyworker. I've worked with Chiropractors, personal trainers and physical therapists gaining much experience in Chronic Pain, physical injuries, spinal trauma and the road to recovery with all my clients for 7+ years. Qualified modalities: Deep tissue, Swedish, Medical/Injury Massage and Trigger Point TherapyTherapeutic Massage:$70.....60 minute$100...90 minute$140...120 minute5665 S. Redwood Rd, suite 3Taylorsville UT, 84123Andrea  show contact info----------------------------------------------------------***By appointment only******Same day Appointments are an additional $15 fee***Please give at lease 24 hour notice. Availability: Monday-Saturday 9am-7pm**Accept cash or credit.    "
Enjoy a Deeply Nourishing Therapeutic Massage by Brian  (385) 495 3918,https://saltlakecity.craigslist.org/thp/d/enjoy-deeply-nourishing/6421636276.html,"east,South",2017-12-11 14:25:56,40.674147,11.876168,4500 South,2017-12-13 17:38:44.368000,CL1,"Brian is an Experienced Licensed Massage Therapist, Certified Kundalini Yoga Teacher, Certified Ayurvedic Lifestyle Consultant and is currently enrolled in a Bachelor's of Science in Nursing Program. His knowledge of the body, mind, heart, and soul from both the yogic/ ayurvedic perspective and the western/allopathic perspective gives him an extensive tool box from which to draw. Brian will tailor your massage to address your specific needs with a unique blend of massage therapy techniques such as Swedish Massage, Myofascial Therapy, Deep Tissue Therapy, Shiatsu, Reflexology, Cupping Massage, and facilitated stretching. Brian also infuses elements of Yoga and Ayurveda into every session.Brian is available: Monday through Thursday 5pm to 9 pm and Friday through Sunday 12 pm to 9pmCall or Text  show contact info to Schedule a Deeply Nourishing Therapeutic Massage by Brian LMT60 minutes of  Therapeutic Massage tailored to your needs - $6090 minutes of Therapeutic Massage tailored to your needs - $90120 minutes of Therapeutic Massage tailored to your needs - $120"
Your Phenomenal Massage experience awaits.....,https://saltlakecity.craigslist.org/thp/d/your-phenomenal-massage/6421620125.html,Holladay,2017-12-11 14:15:11,40.678476,11.852144,,2017-12-13 17:38:50.130000,CL1,"Looking for a phenomenal massage that will leave you feeling like your Best again? Then give me a try today!!!  I am a Highly-skilled, and Passionate Massage therapist with years of experience... My goal in every session is to bring healing, rejuvenation, and balance to your body, leaving you in an awakened state of Relaxation! I specialize in:Swedish, Light-Deep tissue,Sports Massage,Post-surgery, Injury recovery,Sleep Massage,Aromatherapy (upon request)Plus---Hot stones, Hot oils, Hot towels, & Light Stretches are included in Every session at NO extra cost! (Please note that I Do NOT offer foot massage)So whether you need help recuperating from an injury or just need to relax, a session with me will leave your body ready to take on your next endeavor... Treat yourself today with a Visit to my Beautiful, serene studio and let your worries, aches, and pains fade away.Available By Appointment ONLY......Mon-Sun 9am to 9pm, ... Please be respectful and Do Not contact me outside my business hours, I will Not return your call or text....Serious Massage inquiries Only!!! Offensive texts will Not be answered!!!Text preferred, And please leave a Voicemail If you want me to return your missed call....Cici  show contact infolicense info: 8720388-4701PRICES: $80~ 1 hour$100~ 75 min$130 ~ 90 min$170 ~ 2 HrsCash preferred, Credit cards accepted with fee ($5)Cici  show contact infoHighly-skilled Licensed Massage Therapist Thank You For Your Consideration.I Do not answer Unknown or Restricted calls.....PLEASE DO NOT contact me with unsolicited services or offers.... Please Do NOT send pictures! I will not respond...Love & Healing Always!!!    "
Amazing Massage Therapy!,https://saltlakecity.craigslist.org/thp/d/amazing-massage-therapy/6421550417.html,"S,E,and,OUTCALL",2017-12-11 13:29:20,40.687147,11.870604,715,2017-12-13 17:38:55.826000,CL1,"Enjoy amazing, professional massage therapyRate per hour Incall: $100Rate per hour Outcall: from $120 and depending on location3900 S 715 EMichelle  show contact info"
Relaxing Therapeutic Massage,https://saltlakecity.craigslist.org/thp/d/relaxing-therapeutic-massage/6421522368.html,,2017-12-11 13:11:42,,,,2017-12-13 17:39:01.535000,CL1,"Hi! My name is Ora & I'm a licensed & insured massage therapist. I have experience in many different bodywork modalities including deep tissue, sports massage, relaxing Swedish & cranial sacral therapy. I have a great sense of touch & adjust my massage depth to match each individual client's preference. I work Monday through Friday 10am to 4pm & can take weekend appointments with advance notice. Call or text me at  show contact info & let's get you on my schedule!Rates:$60 for 60 minutes$90 for 90 minutesMention this ad to get $10 off.    "
ULTIMATE MASSAGE & HOLISTIC THERAPY :) 801-856-7675,https://saltlakecity.craigslist.org/thp/d/ultimate-massage-holistic/6421517778.html,"Salt,Lake,Valley,Office,Out,Calls",2017-12-11 13:08:54,40.656800,11.890400,,2017-12-13 17:39:07.230000,CL1,"RELAX & REJUVENATE... :)     MICHELLE'S ULTIMATE MASSAGE & HOLISTIC THERAPY provides physical, mental, and emotional stress RELIEF and BALANCE to your Body, Mind, and Soul.     EXPERIENCE and ENJOY the MOST RELAXING MASSAGE THERAPY you can receive, accompanied by a SERENE and RELAXING environment, including the comfort of a WARM SOFT table bed, WARM OILS, SOOTHING MUSIC with the PEACEFUL sounds of nature, and Most of all WARM HANDS with WARM HEARTFELT CARE that will help you feel SOOO GOOD :)     SERVICES available include DEEP, MEDIUM, or LIGHT touch SWEDISH Massage, ENERGY & REIKI Therapy, HOLDING Therapy. HOT ROCK Therapy, CRANIO-SACRAL THERAPY, as well as other modalities of your choice including MEDITATION, HYPNOTHERAPY, NATURE THERAPY, and LIFE COACHING upon request.     CHOOSE one service or a combination of therapies - ALL for SPECIAL LOW RATES.     OUT CALLS also available to Homes and Hotels throughout the Salt Lake Valley.     GIFT CERTIFICATES available for Holiday Gifts and those Special Occasions.     Call MICHELLE for an appointment at  show contact info.     I look forward to providing you with an AMAZINGLY THERAPEUTIC and HEALING EXPERIENCE :)    "
,https://saltlakecity.craigslist.org/thp/d/feel-fantastic-today/6421414374.html,, ,,,,2017-12-13 17:39:12.931000,CL1, 
,https://saltlakecity.craigslist.org/thp/d/amazingasian-massage/6421491912.html,, ,,,,2017-12-13 17:39:18.608000,CL1, 
ðŸŒº New feeling FREE Table Shower â˜Ž801-712-3635,https://saltlakecity.craigslist.org/thp/d/new-feeling-free-table-shower/6421352657.html,"S,Highland,Dr,Sandy,UT",2017-12-11 11:29:44,40.591633,11.832666,"8761 S Highland Dr,",2017-12-13 17:39:24.320000,CL1,"GRAND OPENING ANGEL MASSAGE ~ DEEP TISSUE ~ SWEDISH ~ BODY OIL MASSAGE~   Foot Reflexology  -  Stimulates - Energizing - Acupressure Point - Improve Sleeping - Helps Circulation & Calm Arthritis Beautiful & Sweet Asian Staff Are Ready To Give You BEST Service .  FREE Table Shower & HOT Stone   Body massage  $50/30min || $65/60min   Foot massage  $40/60min   Tel:  show contact infoOpen 7days 9.00am-11.00pm    Add:8761 S Highland Dr,Sandy, UT 84093~~  For The Most Relaxing Day Of Your Life~~ NECK PAIN  SHOULDER PAIN  BACK PAIN  MUSCLE PAIN  We Help your body and mind relax while improving your overall health!Appointments and Walk-ins are Welcome "
Amazing massage from a beautiful therapist!,https://saltlakecity.craigslist.org/thp/d/amazing-massage-from/6421313864.html,Sandy,2017-12-11 11:07:06,40.568800,11.861700,,2017-12-13 17:39:30.028000,CL1,"I offer a massage desigined to fit your body's needs. I do relaxing and therapeutic massage work that combines a mixture of Sports Massage, Swedish, Deep Tissue, hot stones and Thai Yoga stretching along with several others to create a massage that will leave you feeling completely relaxed and rejuvenated.So come in and renew yourself on my table while I help heal your body, mind and soul. $80 for the hour and $120 for 90 min. accept cash or credit/debit cardsCalling and texting is ok, Please no emails or blocked calls Therapeutic massage only.Destiny  show contact infoAnother therapist is available for outcall no later than 9pm for an additional $40 per hour    "
Come relax with an amazing massage!!,https://saltlakecity.craigslist.org/thp/d/come-relax-with-an-amazing/6421311201.html,"Holladay,Utah",2017-12-11 11:05:33,40.674129,11.829834,,2017-12-13 17:39:35.742000,CL1,"I offer a massage desigined to fit your body's needs. I do relaxing and therapeutic massage work that combines a mixture of Sports Massage, Swedish, Deep Tissue, hot stones and Thai Yoga stretching along with several others to create a massage that will leave you feeling completely relaxed and rejuvenated.So come in and renew yourself on my table while I help heal your body, mind and soul. $80 for the hour and $120 for 90 min. accept cash or credit/debit cardsCalling and texting is ok, Please no emails or blocked calls Therapeutic massage only!Brittany  show contact info"
,https://saltlakecity.craigslist.org/thp/d/asiana-massagenew-ladies/6421309905.html,, ,,,,2017-12-13 17:39:41.503000,CL1, 
"favorite this post wonderfull experienced ,friendly therapist",https://saltlakecity.craigslist.org/thp/d/favorite-this-post-wonderfull/6421297169.html,"so,state,st",2017-12-11 10:57:23,40.656800,11.890400,4901 so statest,2017-12-13 17:39:47.414000,CL1,"Experienced ,friendly, giving Swedish massage, acupessure massage, deep tissue, massage in here, give you positive energy,relaxing and allaying tiredness. &^_~male therapist availble^_~ excellent/ massuer /massuesse& foot massage you will like it!!! SHOWER AVAIABLE WITH MASSAGE Please, Respectful Clients Only-Draping Is Required, Strictly Therapeutic!hrs 10:ooam ---10:oopm /7 days a week30mins 40$60mins 60$ /90mins 90$/please call  show contact info"
| ❤ | Relaxing Massage ▃ Best in Town (801)-837-7332,https://saltlakecity.craigslist.org/thp/d/relaxing-massage-best-in-town/6421275668.html,"E,S",2017-12-11 10:44:51,40.754800,11.881000,"272 e, 900 s",2017-12-13 17:39:53.446000,CL1,".**::*__S_U_P_E_R_**_R_E_L_E_X_A_T_I_O_N__*-::-**.  The Best Relaxation Asian Massage In Town!  Swedish/Deep Tissue/Shiatsu/ Acupressure/Reflexology  Friendly and skillful Chinese masseuses!  $45/30min, $60/hr,  $90/90mins. Skilled Asians who truly make you relaxed and give your body what it deserves!  Open 7 Days:10:00am-9:00pm. Text OR Call  show contact infoAddress:  272 E 900 S, Salt Lake City, UT 84111  "
✿ Most Relaxing Day Of Your Life ✿ (385) 645-8888,https://saltlakecity.craigslist.org/thp/d/most-relaxing-day-of-your-life/6421221587.html,Midvale,2017-12-11 10:14:13,40.621236,11.889709,33 E 7200 S,2017-12-13 17:39:59.154000,CL1," Most Relaxing Day Of Your Life  ~_~ The Most Relaxing Day Of Your Life ~_~ The Best Relaxation Asian Massage In Town! Tight neck and shoulders | Headache | Low back ache | Stressed or Anxious? Let us help your BODY and MIND relax while improving your OVERALL HEALTH! Swedish | Deep Tissue| Oil Massage | Acupressure | Foot Reflexology  $40/30min, $50/hr,  $90/90mins. Skilled Asians who truly make you relaxed and give your body what it deserves! You're welcome to shower here that will make you feel relax when you leave...Open Daily:10:00am-9:00pm. We sometime may have last minutes opening but booking is preferred: Text OR Call   show contact infoAddress:  33 E Fort Union Blvd, Midvale, UT 84047  "
The Perfect Way to End Your Day :)  Best massage in the valley!,https://saltlakecity.craigslist.org/thp/d/the-perfect-way-to-end-your/6421159372.html,,2017-12-11 09:37:35,,,,2017-12-13 17:40:04.918000,CL1,"Treat yourself to an amazing massage from experienced hands that know what they're doing.  My clients agree - You will LOVE my massage.  Feel free to read the testimonials from my webpage if you'd like.Click here to see what people had to say...My name is Brian and I would love to be YOUR therapist, giving you the massage that YOU want and not just the same-old-same-old.  I have years of experience am very good at what I do.  Whether you're looking for deep tissue/pain relief or just some wonderfully intoxicating relaxation I can help you out.Book an appointment today and see what you have been missing. You can come in to the spa or I can bring my table to you.  Regular Rates (In-Studio and Out-Call): Female $60/hr    Male $80/hrAsk me about my SPECIALS for 1st time clients!Call or Text to make an appointment now! Call or Text Brian at  show contact info "
ðŸŒ¸ðŸŒ¸Just a great MassageðŸŒ¸ðŸŒ¸,https://saltlakecity.craigslist.org/thp/d/just-great-massage/6421115863.html,Murray,2017-12-11 09:11:15,40.666647,11.887568,4800 s,2017-12-13 17:40:10.693000,CL1,Taking appointments all week. $80/hour $120 for 90 minutesMed to deep tissue massageBest to book by noonText preferred10 am till 6 pmStrickly therapeutic massage. Please no innaproprate questions or expectations. Book nowVanessa show contact info
Heavenly Energetics,https://saltlakecity.craigslist.org/thp/d/heavenly-energetics/6421106318.html,Holladay,2017-12-11 09:05:28,40.677200,11.813300,,2017-12-13 17:40:16.391000,CL1,"Life is meant to be lived in joy and bliss. This is the foundation for our work. Our sessions are unique as not only to be refreshing and rejuvenating, are designed so that you will always know peace and inspiration.We promote awareness of our powerful Kundalini energy, known to be healing and recharging of the spirit. By utilizing breath work, visualization and info. from my sessions you learn to work with this and achieve your goals and wishes (i.e., that dream partner, perfect job, etc.) The possibilities are endless.Other benefits include strengthening the IMMUNE SYSTEM, enhancing your true nature and improving relationships with others, etc.Most importantly, you will feel like you just got back from a mini-vacation :DYou may E-mail or call  show contact info for info. We look forward to seeing you! :)Blessings    "
"Aching Hips, back and joints? Need a Nutrionist? Bars Therapy?",https://saltlakecity.craigslist.org/thp/d/aching-hips-back-and-joints/6421055227.html,,2017-12-11 08:32:19,,,,2017-12-13 17:40:22.080000,CL1,"Seeker,My Name is Jamie and I have been practicing the healing arts for over 11 years and Nutrition for 9 years. I have extensive knowledge in detoxing, low carb, plant based and high protein diets. I can customize your meal plans, do your grocery shopping and cook your meals. Nutrition Consultation-$75 that includes a meal plan for the week. Shopping, Cooking and Prepping meals- $200 a week, $800 for the month. Massage Therapies I offer:Swedish- 60 min-$80, 90 min-$130Deep tissue- 60 min-$80, 90 min-$130Myofascial Therapy- 60 min-$120, 90 min-$160 You may be wondering what fascia is, To explain briefly, Fascia is a web like netting that lies beneath your first layer of skin that keeps the muscles, ligaments, veins, arteries and organs in their place among the skeletal frame. When Fascia is tight (usually from sitting, driving, sports, lack of stretching etc) it can cause many symptoms including back pain, Sciatica, Aching Hip Flexors, aching glutes, lack of flexibility, and immobility.BARS Therpay- $120 first time session, repeated sessions are only $80.Bars is when I lightly touch 32 points on your head which dissipates the electromagnetic charge that gets locked in our brains by the thoughts, feelings and emotions that we have stored over lifetimes. Imagine if someone could press a button and mute that voice in your head that tells you that you're not good enough or that you can't accomplish what you dream about. That ""voice"" comes from those electromagnetic charges that keep us from believing we can have the life we've always known is possible. This can help you have better ease is money, relationships, family, better sex and health. This is the most beneficial therapy I practice and the most popular, if you have not had your bars ran I highly suggest you try it. If any of my services peek your interest please feel free to email me, call me or text. I look forward to working with you. Enjoy this day!    "
"Massage by Julie RN, LMT",https://saltlakecity.craigslist.org/thp/d/massage-by-julie-rn-lmt/6421051833.html,"East,Broadway",2017-12-11 08:29:57,40.762446,11.883969,250 East Broadway,2017-12-13 17:40:27.818000,CL1,"license info:  show contact infoCome in for a relaxing, therapeutic massage at Bodywork by Julie!Deep Tissue | Trigger Point | Sports Massage | Stretching | Injury Recovery | ReflexologyI am a licensed and insured massage therapist skilled in multiple modalities and can cater your session to your individual needs. I also have over 20 years of nursing experience assessing and implementing the needs of others.  Conveniently located downtown Salt Lake City. Plenty of parking and just 6 miles from the airport!Open 9am to 8pm daily by appointment only. Text is preferred. It's best to call or text before noon to get your scheduled appointment time at  show contact info. $60/HR$90/1.5HR$120/2HRCash or credit is accepted.Some out call available in the Salt Lake County area. Out call prices begin at $90/HR.    "
A Touch Of Aloha,https://saltlakecity.craigslist.org/thp/d/touch-of-aloha/6421016221.html,"So,Salt,Lake",2017-12-11 08:04:40,,,,2017-12-13 17:40:33.647000,CL1,"Intuitive professional therapists offering u THe ultimate relaxation massage. Incorporating various massage styles from lite to firm pressure. Incredible lomi-lomi/polynesian massage given by a skilled therapist with years of experience. This is not a tickle your back type of massage unless that is what u want;) Real therapeutic massage with a touch of alha... SERIOUS INQUIRIES. Available DAILY By appointment only. Female Therapist. No calls, TexT for appointment: 38524ooo131hr 11o1.5hr 15oPlease be on time, clean and respectful. Do not ask for pictures and do not send pictures. Each session experience is different and specific to that client. Therefore I am unable to answer questions regarding session specific details prior to seeing me.    "
"***The best Deep Tissue, Massage Cupping *** (Sandy)",https://saltlakecity.craigslist.org/thp/d/the-best-deep-tissue-massage/6421005914.html,Sandy,2017-12-11 07:57:07,40.568800,11.861700,,2017-12-13 17:40:39.463000,CL1,"Hi -- I'm Nonna. I've been told by experienced clients that I am the hardest working therapist they've ever seen and I am very proud of that. Let me show you what a real massage is supposed to be! $65/hr; $90/90min; $120/2 hr.. Combination of Cupping massage + Swedish are: $75/hr; $105/90 min; $140/ 2 hr. Southwood Medical Pavilion, 880 E. 9400 S. Suite 116, Sandy Utah Deep Tissue, Trigger Point, Cupping, Swedish, Sports (blend of modalities) Experienced and LMT, Positive EnergyFor more information please visit: www.massagebynonna.com No matter what type of massage you request I can customize it to your individual needs.Text/Call for an Appointment:  show contact info"
MARK'S MASSAGE,https://saltlakecity.craigslist.org/thp/d/marks-massage/6421002081.html,Sugarhouse,2017-12-11 07:54:16,40.737200,11.858100,,2017-12-13 17:40:45.179000,CL1,"Incredibly Smooth, Thorough, & Flawless Flow20 Amazing Years ExperienceNice, Warm, & Friendly StudioTEXT:  show contact info For your appointment todayMarksmassage.comPlease Be Clean & On TimeThanks See You Soon"
"Eliminate Bad Habits, Stress, Smoking, Porn, Etc. FAST",https://saltlakecity.craigslist.org/thp/d/eliminate-bad-habits-stress/6420945540.html,"google,map",2017-12-11 07:07:38,40.725779,11.866644,809 E. 2100 S.,2017-12-13 17:40:50.851000,CL1,"Get fast and permanent results with clinical hypnosis - tax deductible:Eliminate stress Stop smoking FAST without withdrawals (100% reimbursement with IRS tax credit)Lose weight & raise your metabolism (100% reimbursement with IRS tax credit if referred by MD)Eradicate bad habits & self-defeating behaviorsPorn habitBuild confidence Increase motivation & focusAnger managementRemove guilt & shameFeelings of abandonmentSports hypnosisRelationship problemsIdentity issuesImprove athletic performanceMemory improvementSexuality Implement Law of Attraction - principles of The SecretRemove barriers to successEnergy healingLife coachingSleepEtc. I'm board certified as a Master Clinical Hypnotherapist with 7.5 yrs. of college and 3 degrees in psychology (including a Masters in Organizational Behavior). I get fast results with over 25 years of experience. I'm available during the day, evenings and most weekends by appointment only at my home/office in Sugar House. Discounts for students and current/former military.Call now for a free telephone consultation. Gift certificates available.Sugar House Hypnotherapywww.SugarHouseHypnotherapy.comshow contact info"
***  AMAZING  MASSAGE   ***,https://saltlakecity.craigslist.org/thp/d/amazing-massage/6420217028.html,"SLC,OUTCALL",2017-12-10 13:15:24,40.656800,11.890400,,2017-12-13 17:40:56.553000,CL1,"Amazing massage! Im a licensed massage therapist and absolutely love what I do, my goal is to rejuvenate your whole body and soul!It is my absolute honor to treat you to an amazing pampering session. I am a professional massage therapist with a natural touch to calm, heal, and rejuvenate your muscle groups. You are going to be completely amazed and relaxed after letting me use my knowledge of your body combined with the skills of several modalities of massage to satisfy and put you mind and body into a state of ease.BETTER SLEEP - FASTER MUSCLE RECOVERY - RELAXATION OF PAINFUL TENSION.Thai massage, deep tissue, Swedish, segmental modalities available for target therapy.I am also a master esthetician, and offer waxing services, skin care and much more pampering treatmentsPlease call/text at  show contact info to schedule w me ; ) I offer couples massage to treat your loved ones to an amazing alternative to the fast pace and stressful moments of life. ****Massage is therapeutic only - Thanks for looking at my ad!****OUTCAL MASSAGE ALSO AVAILABLE"
,https://saltlakecity.craigslist.org/thp/d/amazingasian-massage/6420216853.html,, ,,,,2017-12-13 17:41:02.332000,CL1, 
,https://saltlakecity.craigslist.org/thp/d/asiana-massagenew-ladies/6420058608.html,, ,,,,2017-12-13 17:41:08.336000,CL1, 
PARK CITY☆ (Swedish Style) ☆,https://saltlakecity.craigslist.org/thp/d/park-city-swedish-style/6419746848.html,"Park,City",2017-12-10 06:04:54,40.724633,11.539426,Kimbell Junction at Ute Blvd.,2017-12-13 17:41:13.780000,CL1,"One Hour Of Relaxation Treatment, Five Star Accommodations! Please Call Me To Set Your Appointment, By Appointment Only.  show contact info  CJ  Parking and Shower Available! Gratuity Is Appreciated, Thank You So Much!CJ    "
*Swedish Style In Park City*♡~♡,https://saltlakecity.craigslist.org/thp/d/swedish-style-in-park-city/6419746006.html,"Park,City",2017-12-10 06:03:15,40.724495,11.539437,Kimbell Junction at Ute Blvd.,2017-12-13 17:41:19.044000,CL1,Call me for your appointment at  show contact info. One Hour Of Swedish Style Relaxation Bodywork! By appointment only.  Call me for directions and parking.  Hot shower available * C.J.    
PARK CITY☆ (Swedish Style) ☆,https://saltlakecity.craigslist.org/thp/d/park-city-swedish-style/6419745046.html,"Park,City",2017-12-10 06:01:26,40.724633,11.539426,Kimbell Junction at Ute Blvd.,2017-12-13 17:41:24.338000,CL1,"One Hour Of Relaxation Treatment, Five Star Accommodations! Please Call Me To Set Your Appointment, By Appointment Only.  show contact info  CJ  Parking and Shower Available! Gratuity Is Appreciated, Thank You So Much!CJ    "
Halo massage,https://saltlakecity.craigslist.org/thp/d/halo-massage/6419530048.html,"E,S",2017-12-09 20:28:07,40.656800,11.890400,535 E. 4500 S.,2017-12-13 17:41:29.553000,CL1,"I am a licensed Massage Apprentice who is practicing therapeutic, deep tissue, relaxation & injury rehabilitation. By appointment only! Txt Troy:  show contact info$60 for 60 minutes$90 for 90 minutesTouch is the most authentic form of human communication. I want to hone my skills and learn how to listen with my hands so that I can fully understand what my clients need"". I continue to be blown away by what my hands ""hear"". More importantly, I am overwhelmed by what I have learned about the power of intuition.    "
,https://saltlakecity.craigslist.org/thp/d/amazingasian-massage/6419204261.html,, ,,,,2017-12-13 17:41:34.825000,CL1, 
Enjoy a Deeply Nourishing Therapeutic Massage by Brian  (385) 495 3918,https://saltlakecity.craigslist.org/thp/d/enjoy-deeply-nourishing/6419143612.html,"east,South",2017-12-09 13:50:22,40.674147,11.876168,4500 South,2017-12-13 17:41:40.041000,CL1,"Brian is an Experienced Licensed Massage Therapist, Certified Kundalini Yoga Teacher, Certified Ayurvedic Lifestyle Consultant and is currently enrolled in a Bachelor's of Science in Nursing Program. His knowledge of the body, mind, heart, and soul from both the yogic/ ayurvedic perspective and the western/allopathic perspective gives him an extensive tool box from which to draw. Brian will tailor your massage to address your specific needs with a unique blend of massage therapy techniques such as Swedish Massage, Myofascial Therapy, Deep Tissue Therapy, Shiatsu, Reflexology, Cupping Massage, and facilitated stretching. Brian also infuses elements of Yoga and Ayurveda into every session.Brian is available: Monday through Thursday 5pm to 9 pm and Friday through Sunday 12 pm to 9pmCall or Text  show contact info to Schedule a Deeply Nourishing Therapeutic Massage by Brian LMT60 minutes of  Therapeutic Massage tailored to your needs - $6090 minutes of Therapeutic Massage tailored to your needs - $90120 minutes of Therapeutic Massage tailored to your needs - $120"
Your Phenomenal Massage experience awaits.....,https://saltlakecity.craigslist.org/thp/d/your-phenomenal-massage/6419088669.html,Holladay,2017-12-09 13:10:30,40.678476,11.852144,,2017-12-13 17:41:45.346000,CL1,"Looking for a phenomenal massage that will leave you feeling like your Best again? Then give me a try today!!!  I am a Highly-skilled, and Passionate Massage therapist with years of experience... My goal in every session is to bring healing, rejuvenation, and balance to your body, leaving you in an awakened state of Relaxation! I specialize in:Swedish, Light-Deep tissue,Sports Massage,Post-surgery, Injury recovery,Sleep Massage,Aromatherapy (upon request)Plus---Hot stones, Hot oils, Hot towels, & Light Stretches are included in Every session at NO extra cost! (Please note that I Do NOT offer foot massage)So whether you need help recuperating from an injury or just need to relax, a session with me will leave your body ready to take on your next endeavor... Treat yourself today with a Visit to my Beautiful, serene studio and let your worries, aches, and pains fade away.Available By Appointment ONLY......Mon-Sun 9am to 9pm, ... Please be respectful and Do Not contact me outside my business hours, I will Not return your call or text....Serious Massage inquiries Only!!! Offensive texts will Not be answered!!!Text preferred, And please leave a Voicemail If you want me to return your missed call....Cici  show contact infolicense info: 8720388-4701PRICES: $80~ 1 hour$100~ 75 min$130 ~ 90 min$170 ~ 2 HrsCash preferred, Credit cards accepted with fee ($5)Cici  show contact infoHighly-skilled Licensed Massage Therapist Thank You For Your Consideration.I Do not answer Unknown or Restricted calls.....PLEASE DO NOT contact me with unsolicited services or offers.... Please Do NOT send pictures! I will not respond...Love & Healing Always!!!    "
ðŸŒº New feeling FREE Table Shower â˜Ž801-712-3635,https://saltlakecity.craigslist.org/thp/d/new-feeling-free-table-shower/6418980760.html,"S,Highland,Dr,Sandy,UT",2017-12-09 11:57:26,40.591633,11.832666,"8761 S Highland Dr,",2017-12-13 17:41:50.616000,CL1,"GRAND OPENING ANGEL MASSAGE ~ DEEP TISSUE ~ SWEDISH ~ BODY OIL MASSAGE~   Foot Reflexology  -  Stimulates - Energizing - Acupressure Point - Improve Sleeping - Helps Circulation & Calm Arthritis Beautiful & Sweet Asian Staff Are Ready To Give You BEST Service .  FREE Table Shower & HOT Stone   Body massage  $50/30min || $65/60min   Foot massage  $40/60min   Tel:  show contact infoOpen 7days 9.00am-11.00pm    Add:8761 S Highland Dr,Sandy, UT 84093~~  For The Most Relaxing Day Of Your Life~~ NECK PAIN  SHOULDER PAIN  BACK PAIN  MUSCLE PAIN  We Help your body and mind relax while improving your overall health!Appointments and Walk-ins are Welcome "
,https://saltlakecity.craigslist.org/thp/d/asiana-massagenew-ladies/6418885024.html,, ,,,,2017-12-13 17:41:55.886000,CL1, 
Sports Massage,https://saltlakecity.craigslist.org/thp/d/sports-massage/6418733634.html,"DT,SLC",2017-12-09 09:17:04,40.741372,11.888038,State Street at 1331 South,2017-12-13 17:42:01.098000,CL1,"Please text or leave message and I will return call as soon as possible,  show contact infoHelping athletes, performers, construction workers, firemen, and others develop to their full potential. Student discounts are available, see pricing below.I am both a licensed massage therapist and a certified athletic trainer. This combination helps me give each athlete/client the experience of both in their treatment. Sports, sports/injury massage, Swedish massage, trigger point therapy, deep tissue, and stretching.Only available in the evenings through the week.Available most weekends, morning, afternoon, & evening appointments. I work by appointment only so need at least 30-60 min notice. Licensed male therapist, for same day appointments please call or text Rick @  show contact infoIncall $40/30 min This treatment is injury/deep tissue work only. Full Body$60/60 min $70/75 min $80/90 minPiece WorkNeck 15 min. $20Chest 15 min. $20Shoulders 15 min. $20Back 15 min. $20Abs 15 min. $20Lower back 15 min. $20Glutes 15 min. $20Arms and hands. 15 min. $20Legs 15 min. $20Students full body massage: $30/60 min, $35/75 min, & $40/90min, student ID required. All pricing at studio only    "
Intuitive Massage Therapist,https://saltlakecity.craigslist.org/thp/d/intuitive-massage-therapist/6418685333.html,Millcreek,2017-12-09 08:42:51,40.676342,11.874809,,2017-12-13 17:42:06.311000,CL1,"Greetings! I am an intuitive massage therapist who helps people to access their body's innate ability to heal. In our modern day of rushing from place to place, I find it helpful to dedicate some time to self care and taking time to tune into your what your body is trying to say. Many people don't realize how sore their shoulders are until they receive a massage. Massage helps you sleep, helps with headaches, lessens depression and anxiety, and can be a powerful meditation time. Visit my website at adriannashealingmassage.com or my facebook page at www.facebook.com/adriannasmassage. Hope to see you soon!    "
"Eliminate Bad Habits, Stress, Smoking, Porn, Etc. FAST",https://saltlakecity.craigslist.org/thp/d/eliminate-bad-habits-stress/6418598265.html,"google,map",2017-12-09 07:29:12,40.725779,11.866644,809 E. 2100 S.,2017-12-13 17:42:11.514000,CL1,"Get fast and permanent results with clinical hypnosis - tax deductible:Eliminate stress Stop smoking FAST without withdrawals (100% reimbursement with IRS tax credit)Lose weight & raise your metabolism (100% reimbursement with IRS tax credit if referred by MD)Eradicate bad habits & self-defeating behaviorsPorn habitBuild confidence Increase motivation & focusAnger managementRemove guilt & shameFeelings of abandonmentSports hypnosisRelationship problemsIdentity issuesImprove athletic performanceMemory improvementSexuality Implement Law of Attraction - principles of The SecretRemove barriers to successEnergy healingLife coachingSleepEtc. I'm board certified as a Master Clinical Hypnotherapist with 7.5 yrs. of college and 3 degrees in psychology (including a Masters in Organizational Behavior). I get fast results with over 25 years of experience. I'm available during the day, evenings and most weekends by appointment only at my home/office in Sugar House. Discounts for students and current/former military.Call now for a free telephone consultation. Gift certificates available.Sugar House Hypnotherapywww.SugarHouseHypnotherapy.comshow contact info"
"ADDIXION! Gentleman LMT!  Ladies, men, couples!  Holiday R&R!",https://saltlakecity.craigslist.org/thp/d/addixion-gentleman-lmt-ladies/6418506392.html,"WEST,JORDAN",2017-12-09 05:24:55,40.590921,11.921005,1040 corral circle,2017-12-13 17:42:16.742000,CL1,"Hi everyone. So much love and healing over here to give to you! When was the last time you felt amazing physically? When was the last time you took care of your body, your stress, your pain instead of treating your body like a circus? Massage isn't a luxury it's a lifestyle. Just like working out, you're taking care of yourself emotionally and physically with getting massage. I work on everyone I am well reviewed because I love what I do! This is your new routine ""ADDIXION"" I offer transformational life coaching too so ask:)Massage is the new health insurance! It gives you peace of mind, reduced inflammation in muscle tissue, emotional release, getting totally relaxed and pampered! My massage therapy has a big range from working on hip and knee replacements, sciatic issues, lower back pain, major migraine, sports work or an invigorating total body relaxation session! Its your massage session, im at your service:) I'm openminded, passionate and compassionate about your needs and I'm very experienced:) ""Some people go to yoga this is my yoga... working on you""!A few requests for my clients:*PLEASE be on time. My time is valuable like yours and if you can't make your session then please let me know with notice.*PLEASE be respectful and use good judgement when asking for your requests. I'm very open to suggestion.*PLEASE tell me what you're looking for in a massage either through text, email or phone call. Thanks!$60 for an hour, $85 for 90 mins! Wow!Deep work is only $70 for an hr and $90 mins:) Rates vary with outcall requests. Hours: Mon-Sat early morning to late night by apt only, Sun by apt only.ACCEPT ALL MAJOR CREDIT CARDS and VENMO! For reviews of my bodywork and life coaching please google Addixion Massage. You will see reviews on thumbtack.com, ksl.com, google+, and Yelp. Dylan, LMT:  show contact info , call or text!    "
PROFESSIONAL MASSAGE WITHOUT THE PROFESSIONAL PRICE $40/hr $60/90min,https://saltlakecity.craigslist.org/thp/d/professional-massage-without/6418178714.html,"Salt,Lake,CIty",2017-12-08 18:09:46,40.730812,11.891729,1810 S Main St Apartment 625,2017-12-13 17:42:21.963000,CL1,Hi my name is Nick and I have been offering massage and physical therapy for over 6 years.I offer a combination of Swedish massage and deep tissue manipulation.Massages are cash only. Sorry no card reader yet.$40 for an hour$60 for 90 minutesPlease be on timePlease be cleanIt's just a massage    
Therapeutic Massage! Discount for new clients !!,https://saltlakecity.craigslist.org/thp/d/therapeutic-massage-discount/6418116523.html,Slc,2017-12-08 17:07:55,,,,2017-12-13 17:42:27.379000,CL1,"Just $80 this WEEK for all 90 min sessions!Regular rates are 80/ hr or 120 for 90 mins. Convenient location, private studio setting near slc / milcreek area. Same day is availableCall or message to set!   show contact infoText ok to schedule appointments! (Therapeutic & in studio only) This is a professional service in a studio office, no outcalls. No other inquiries. No job offers. No calls or texts after 9 pm. Hours are 8 am -8 pm -All Utah state laws apply.No calls after 10 pm. Do not contact with other offers.    "
Your Phenomenal Massage experience awaits.....,https://saltlakecity.craigslist.org/thp/d/your-phenomenal-massage/6417963928.html,Holladay,2017-12-08 15:01:17,40.678476,11.852144,,2017-12-13 17:42:32.671000,CL1,"Looking for a phenomenal massage that will leave you feeling like your Best again? Then give me a try today!!!  I am a Highly-skilled, and Passionate Massage therapist with years of experience... My goal in every session is to bring healing, rejuvenation, and balance to your body, leaving you in an awakened state of Relaxation! I specialize in:Swedish, Light-Deep tissue,Sports Massage,Post-surgery, Injury recovery,Sleep Massage,Aromatherapy (upon request)Plus---Hot stones, Hot oils, Hot towels, & Light Stretches are included in Every session at NO extra cost! (Please note that I Do NOT offer foot massage)So whether you need help recuperating from an injury or just need to relax, a session with me will leave your body ready to take on your next endeavor... Treat yourself today with a Visit to my Beautiful, serene studio and let your worries, aches, and pains fade away.Available By Appointment ONLY......Mon-Sun 9am to 9pm, ... Please be respectful and Do Not contact me outside my business hours, I will Not return your call or text....Serious Massage inquiries Only!!! Offensive texts will Not be answered!!!Text preferred, And please leave a Voicemail If you want me to return your missed call....Cici  show contact infolicense info: 8720388-4701PRICES: $80~ 1 hour$100~ 75 min$130 ~ 90 min$170 ~ 2 HrsCash preferred, Credit cards accepted with fee ($5)Cici  show contact infoHighly-skilled Licensed Massage Therapist Thank You For Your Consideration.I Do not answer Unknown or Restricted calls.....PLEASE DO NOT contact me with unsolicited services or offers.... Please Do NOT send pictures! I will not respond...Love & Healing Always!!!    "
"Aching Hips, back and joints? Need a Nutrionist? Bars Therapy?",https://saltlakecity.craigslist.org/thp/d/aching-hips-back-and-joints/6417886543.html,,2017-12-08 14:05:48,,,,2017-12-13 17:42:37.965000,CL1,"Seeker,My Name is Jamie and I have been practicing the healing arts for over 11 years and Nutrition for 9 years. I have extensive knowledge in detoxing, low carb, plant based and high protein diets. I can customize your meal plans, do your grocery shopping and cook your meals. Nutrition Consultation-$75 that includes a meal plan for the week. Shopping, Cooking and Prepping meals- $200 a week, $800 for the month. Massage Therapies I offer:Swedish- 60 min-$80, 90 min-$130Deep tissue- 60 min-$80, 90 min-$130Myofascial Therapy- 60 min-$120, 90 min-$160 You may be wondering what fascia is, To explain briefly, Fascia is a web like netting that lies beneath your first layer of skin that keeps the muscles, ligaments, veins, arteries and organs in their place among the skeletal frame. When Fascia is tight (usually from sitting, driving, sports, lack of stretching etc) it can cause many symptoms including back pain, Sciatica, Aching Hip Flexors, aching glutes, lack of flexibility, and immobility.BARS Therpay- $120 first time session, repeated sessions are only $80.Bars is when I lightly touch 32 points on your head which dissipates the electromagnetic charge that gets locked in our brains by the thoughts, feelings and emotions that we have stored over lifetimes. Imagine if someone could press a button and mute that voice in your head that tells you that you're not good enough or that you can't accomplish what you dream about. That ""voice"" comes from those electromagnetic charges that keep us from believing we can have the life we've always known is possible. This can help you have better ease is money, relationships, family, better sex and health. This is the most beneficial therapy I practice and the most popular, if you have not had your bars ran I highly suggest you try it. If any of my services peek your interest please feel free to email me, call me or text. I look forward to working with you. Enjoy this day!    "
"Looking only for clients that want a therapeutic, professional massage",https://saltlakecity.craigslist.org/thp/d/looking-only-for-clients-that/6417853331.html,murray,2017-12-08 13:42:54,40.655100,11.834000,4700 s 900 e 9a,2017-12-13 17:42:43.174000,CL1,"Therapeutic Only...Draping Is Required...No Inappropriate Language Or Suggestions. Only $49 for an AMAZING full hour. Try us out and see for yourself! Relaxing Remedy is at 4700 South 900 East 9A Murray, upstairs at Ivy Place. We are on the west side of 9th East just south of the closed down Kmart and across the street from Walmart. To book an appointment call or text us at  show contact info or if no answer call  show contact info. We are open Monday through Saturday however hours and days open may vary. Ofcourse, theraputic only. Draping and appropriate behavior always required...Please call For An Appointment Today!    "
| ❤ | Relaxing Massage ▃ Best in Town (801)-837-7332,https://saltlakecity.craigslist.org/thp/d/relaxing-massage-best-in-town/6417847360.html,"E,S",2017-12-08 13:38:51,40.754800,11.881000,"272 e, 900 s",2017-12-13 17:42:49.006000,CL1,".**::*__S_U_P_E_R_**_R_E_L_E_X_A_T_I_O_N__*-::-**.  The Best Relaxation Asian Massage In Town!  Swedish/Deep Tissue/Shiatsu/ Acupressure/Reflexology  Friendly and skillful Chinese masseuses!  $45/30min, $60/hr,  $90/90mins. Skilled Asians who truly make you relaxed and give your body what it deserves!  Open 7 Days:10:00am-9:00pm. Text OR Call  show contact infoAddress:  272 E 900 S, Salt Lake City, UT 84111  "
,https://saltlakecity.craigslist.org/thp/d/amazingasian-massage/6417816809.html,, ,,,,2017-12-13 17:42:54.705000,CL1, 
____ Ladies & Gents ____ Hot Oil Lomi Massage ____ Total Body Wellness,https://saltlakecity.craigslist.org/thp/d/ladies-gents-hot-oil-lomi/6417643270.html,"SLC,Incall,Outcall",2017-12-08 11:27:44,40.699869,11.865497,Near 3300 S 900 E,2017-12-13 17:43:00.408000,CL1,"..Light-pressured Lomi Promo:60 min ~ $45 90 min ~ $65 120 min ~ $80  .Medium/Deep Swedish Promo:60 min ~ $60 90 min ~ $80120 min ~ $100 Cash & Credit Cards acceptedWelcome! My name is Eric Sky, & I've been a Massage Therapist for 5+ years. I've lived, worked, & studied in Europe, Hawai'i, & on the mainland. Now I'm back in SLC!I am experienced in everything from High End Spa Treatments (Seaweed Wraps, Sea Salt Body Scrubs, & Anti-Aging Eye Treatments), to specialty Massages like the Relaxing Hawai'ian Lomi Lomi or Deep Tissue Bamboo. (More details listed on my website: www.TotalBody.MassagePlanet.com)*** Promo Rates are only for the Hawai'ian Lomi or Swedish Sessions. MUST mention CL Ad! Regular Sessions listed on website. More personal, customized Sessions also available. *** I am available around the clock. Incall or Outcall. (After hours fee for late night/early morning appts. Outcall fee based on distance.) I do stay busy - advanced booking is best, but I can sometimes do last minute.Sky:  show contact info (Text is best)www.TotalBody.MassagePlanet.comLicensed and Highly-skilledThank you for your consideration; I look forward to working on you!..    "
✿ Most Relaxing Day Of Your Life ✿ (385) 645-8888,https://saltlakecity.craigslist.org/thp/d/most-relaxing-day-of-your-life/6417626303.html,Midvale,2017-12-08 11:17:15,40.621236,11.889709,33 E 7200 S,2017-12-13 17:43:06.231000,CL1," Most Relaxing Day Of Your Life  ~_~ The Most Relaxing Day Of Your Life ~_~ The Best Relaxation Asian Massage In Town! Tight neck and shoulders | Headache | Low back ache | Stressed or Anxious? Let us help your BODY and MIND relax while improving your OVERALL HEALTH! Swedish | Deep Tissue| Oil Massage | Acupressure | Foot Reflexology  $40/30min, $50/hr,  $90/90mins. Skilled Asians who truly make you relaxed and give your body what it deserves! You're welcome to shower here that will make you feel relax when you leave...Open Daily:10:00am-9:00pm. We sometime may have last minutes opening but booking is preferred: Text OR Call   show contact infoAddress:  33 E Fort Union Blvd, Midvale, UT 84047  "
,https://saltlakecity.craigslist.org/thp/d/asiana-massagenew-ladies/6417595528.html,, ,,,,2017-12-13 17:43:12.099000,CL1, 
Come in for a massage today,https://saltlakecity.craigslist.org/thp/d/come-in-for-massage-today/6417566082.html,,2017-12-08 10:40:06,,,,2017-12-13 17:43:17.828000,CL1,"I use hot towels and warm stones to achieve the ultimate relaxation, I am licensed and professional.Ciarashow contact info"
"Eliminate Bad Habits, Stress, Smoking, Porn, Etc. FAST",https://saltlakecity.craigslist.org/thp/d/eliminate-bad-habits-stress/6417280894.html,"google,map",2017-12-08 07:26:42,40.725779,11.866644,809 E. 2100 S.,2017-12-13 17:43:23.590000,CL1,"Get fast and permanent results with clinical hypnosis - tax deductible:Eliminate stress Stop smoking FAST without withdrawals (100% reimbursement with IRS tax credit)Lose weight & raise your metabolism (100% reimbursement with IRS tax credit if referred by MD)Eradicate bad habits & self-defeating behaviorsPorn habitBuild confidence Increase motivation & focusAnger managementRemove guilt & shameFeelings of abandonmentSports hypnosisRelationship problemsIdentity issuesImprove athletic performanceMemory improvementSexuality Implement Law of Attraction - principles of The SecretRemove barriers to successEnergy healingLife coachingSleepEtc. I'm board certified as a Master Clinical Hypnotherapist with 7.5 yrs. of college and 3 degrees in psychology (including a Masters in Organizational Behavior). I get fast results with over 25 years of experience. I'm available during the day, evenings and most weekends by appointment only at my home/office in Sugar House. Discounts for students and current/former military.Call now for a free telephone consultation. Gift certificates available.Sugar House Hypnotherapywww.SugarHouseHypnotherapy.comshow contact info"
Half ASS Massage,https://saltlakecity.craigslist.org/thp/d/half-ass-massage/6417267401.html,,2017-12-08 07:15:06,,,,2017-12-13 17:43:29.245000,CL1,"I will spend HALF the session your Glutes, Hamstrings & Inner Thighs.Session is 50 minutes$60.00Hot oil hot towels show contact info"
*Swedish Style In Park City*♡~♡,https://saltlakecity.craigslist.org/thp/d/swedish-style-in-park-city/6417091794.html,"Park,City",2017-12-08 00:15:06,40.724495,11.539437,Kimbell Junction at Ute Blvd.,2017-12-13 17:43:35.057000,CL1,Call me for your appointment at  show contact info. One Hour Of Swedish Style Relaxation Bodywork! By appointment only.  Call me for directions and parking.  Hot shower available * C.J.    
PARK CITY☆ (Swedish Style) ☆,https://saltlakecity.craigslist.org/thp/d/park-city-swedish-style/6417090891.html,"Park,City",2017-12-08 00:12:25,40.724633,11.539426,Kimbell Junction at Ute Blvd.,2017-12-13 17:43:40.852000,CL1,"One Hour Of Relaxation Treatment, Five Star Accommodations! Please Call Me To Set Your Appointment, By Appointment Only.  show contact info  CJ  Parking and Shower Available! Gratuity Is Appreciated, Thank You So Much!CJ    "
"favorite this post wonderfull experienced ,friendly therapist",https://saltlakecity.craigslist.org/thp/d/favorite-this-post-wonderfull/6416798575.html,"so,state,st",2017-12-07 17:12:42,40.656800,11.890400,4901 so statest,2017-12-13 17:43:46.662000,CL1,"Experienced ,friendly, giving Swedish massage, acupessure massage, deep tissue, massage in here, give you positive energy,relaxing and allaying tiredness. &^_~male therapist availble^_~ excellent/ massuer /massuesse& foot massage you will like it!!! SHOWER AVAIABLE WITH MASSAGE Please, Respectful Clients Only-Draping Is Required, Strictly Therapeutic!hrs 10:ooam ---10:oopm /7 days a week30mins 40$60mins 60$ /90mins 90$/please call  show contact info"
MARK'S MASSAGE,https://saltlakecity.craigslist.org/thp/d/marks-massage/6416494709.html,Sugarhouse,2017-12-07 13:19:27,40.737200,11.858100,,2017-12-13 17:43:52.561000,CL1,"Incredibly Smooth, Thorough, & Flawless Flow20 Amazing Years ExperienceNice, Warm, & Friendly StudioTEXT:  show contact info For your appointment todayMarksmassage.comPlease Be Clean & On TimeThanks See You Soon"
ðŸŒº New feeling FREE Table Shower â˜Ž801-712-3635,https://saltlakecity.craigslist.org/thp/d/new-feeling-free-table-shower/6416404715.html,"S,Highland,Dr,Sandy,UT",2017-12-07 12:20:45,40.591633,11.832666,"8761 S Highland Dr,",2017-12-13 17:43:58.503000,CL1,"GRAND OPENING ANGEL MASSAGE ~ DEEP TISSUE ~ SWEDISH ~ BODY OIL MASSAGE~   Foot Reflexology  -  Stimulates - Energizing - Acupressure Point - Improve Sleeping - Helps Circulation & Calm Arthritis Beautiful & Sweet Asian Staff Are Ready To Give You BEST Service .  FREE Table Shower & HOT Stone   Body massage  $50/30min || $65/60min   Foot massage  $40/60min   Tel:  show contact infoOpen 7days 9.00am-11.00pm    Add:8761 S Highland Dr,Sandy, UT 84093~~  For The Most Relaxing Day Of Your Life~~ NECK PAIN  SHOULDER PAIN  BACK PAIN  MUSCLE PAIN  We Help your body and mind relax while improving your overall health!Appointments and Walk-ins are Welcome "
,https://saltlakecity.craigslist.org/thp/d/amazingasian-massage/6416376687.html,, ,,,,2017-12-13 17:44:04.216000,CL1, 
"Looking only for clients that want a therapeutic, professional massage",https://saltlakecity.craigslist.org/thp/d/looking-only-for-clients-that/6416330799.html,murray,2017-12-07 11:34:02,40.655100,11.834000,4700 s 900 e 9a,2017-12-13 17:44:09.964000,CL1,"Therapeutic Only...Draping Is Required...No Inappropriate Language Or Suggestions. Only $49 for an AMAZING full hour. Try us out and see for yourself! Relaxing Remedy is at 4700 South 900 East 9A Murray, upstairs at Ivy Place. We are on the west side of 9th East just south of the closed down Kmart and across the street from Walmart. To book an appointment call or text us at  show contact info or if no answer call  show contact info. We are open Monday through Saturday however hours and days open may vary. Ofcourse, theraputic only. Draping and appropriate behavior always required...Please call For An Appointment Today!    "
Come relax with an amazing massage!!,https://saltlakecity.craigslist.org/thp/d/come-relax-with-an-amazing/6416329011.html,"Holladay,Utah",2017-12-07 11:32:55,40.674129,11.829834,,2017-12-13 17:44:15.694000,CL1,"I offer a massage desigined to fit your body's needs. I do relaxing and therapeutic massage work that combines a mixture of Sports Massage, Swedish, Deep Tissue, hot stones and Thai Yoga stretching along with several others to create a massage that will leave you feeling completely relaxed and rejuvenated.So come in and renew yourself on my table while I help heal your body, mind and soul. $80 for the hour and $120 for 90 min. accept cash or credit/debit cardsCalling and texting is ok, Please no emails or blocked calls Therapeutic massage only!Brittany  show contact info"
What do you knead for Christmas? -- Therapeutic Massage,https://saltlakecity.craigslist.org/thp/d/what-do-you-knead-for/6416296055.html,"Salt,Lake,City",2017-12-07 11:12:42,40.735401,11.890731,1537 S. Main St.,2017-12-13 17:44:21.471000,CL1,"Has your holiday season been full of stress from shopping, family visits or just cold winter weather? A massage will soothe away your physical and mental stress and prepare you for your next get-together. I use a combination of Swedish and deep tissue massage to provide relief for your sore neck, shoulders, hips and back.I am a strong and energetic female therapist and I customize every massage to suit your needs today. I use a variety of techniques to  work out your knots and get you feeling your best. You will leave relaxed and ready to take on the world! I am available for incall and outcall massage by appointment. Evenings, weekdays and weekends available.Rates $75........60 Minutes$100......90 Minutes$125....120 MinutesIn order to make your holiday shopping even easier, gift certificates are available! Start feeling better now by contacting Roslin at  show contact info. I can't wait to get my hands on you!    "
,https://saltlakecity.craigslist.org/thp/d/asiana-massagenew-ladies/6416291397.html,, ,,,,2017-12-13 17:44:27.195000,CL1, 
"MALE MASSAGE THERAPIST - Book Today, Call or Text!",https://saltlakecity.craigslist.org/thp/d/male-massage-therapist-book/6416209306.html,"Salt,Lake,City",2017-12-07 10:19:49,,,,2017-12-13 17:44:32.847000,CL1,"Turn your day/week around with a really great massage! I want to be your therapist. The person you think of anytime you feel stressed-out or have sore muscles. I have created a quite, relaxing, and professional studio with you in mind. My specialties are Swedish (relaxing), Deep-Tissue (work out those knots), and Sports Massage (for those who workout regularly and sports specific work). I am professionally trained and licensed with years of experience.By appointment only each day from 10:00 am till 9:00 p.m. Cash and All MAJOR CREDIT CARDS ARE ACCEPTED. I can be reached at  show contact info (CALL or TEXT). Ask for Chad. Prices: $65 hour/ $95 - 90 mins.Same-day appointments available.Here's what some of my clients have said about their massage experience with me:""Chad made me comfortable from the second I walked in."" ""I go to him for sports therapy and he adjusts his pressure to give me exactly what I need to loosen up my muscles and increase my flexibility."""" I was not a fan of having massages until I started coming here. Chad is very professional and friendly and is an amazing masseur!""Hope to see you soon!    "
Intuitive Massage Therapist,https://saltlakecity.craigslist.org/thp/d/intuitive-massage-therapist/6415971628.html,Millcreek,2017-12-07 07:36:31,40.676342,11.874809,,2017-12-13 17:44:38.563000,CL1,"Greetings! I am an intuitive massage therapist who helps people to access their body's innate ability to heal. In our modern day of rushing from place to place, I find it helpful to dedicate some time to self care and taking time to tune into your what your body is trying to say. Many people don't realize how sore their shoulders are until they receive a massage. Massage helps you sleep, helps with headaches, lessens depression and anxiety, and can be a powerful meditation time. Visit my website at adriannashealingmassage.com or my facebook page at www.facebook.com/adriannasmassage. Hope to see you soon!    "
✿ Most Relaxing Day Of Your Life ✿ (385) 645-8888,https://saltlakecity.craigslist.org/thp/d/most-relaxing-day-of-your-life/6416121836.html,Midvale,2017-12-07 09:24:48,40.621236,11.889709,33 E 7200 S,2017-12-13 17:44:44.305000,CL1," Most Relaxing Day Of Your Life  ~_~ The Most Relaxing Day Of Your Life ~_~ The Best Relaxation Asian Massage In Town! Tight neck and shoulders | Headache | Low back ache | Stressed or Anxious? Let us help your BODY and MIND relax while improving your OVERALL HEALTH! Swedish | Deep Tissue| Oil Massage | Acupressure | Foot Reflexology  $40/30min, $50/hr,  $90/90mins. Skilled Asians who truly make you relaxed and give your body what it deserves! You're welcome to shower here that will make you feel relax when you leave...Open Daily:10:00am-9:00pm. We sometime may have last minutes opening but booking is preferred: Text OR Call   show contact infoAddress:  33 E Fort Union Blvd, Midvale, UT 84047  "
***PRIORITIZE YOUR ERECTIONS***HAPPY HOLIDAYS !!,https://westslope.craigslist.org/thp/d/prioritize-your/6419936053.html,"Grand,Junction",2017-12-10 09:35:43,39.077564,08.536148,1141 North 25th Street at 25th Street,2017-12-13 17:44:50.238000,CL1,"Dr. Delorece Girard, DOM, AP (NCCAOM) is back and ready to assist you!Come and celebrate the NEWCOMFORTABLE ENVIRONMENT while discussing your health concerns.THE SPA ON 25TH1141  North 25th Street(Across from Big Lots and behind Randy's diner.)FULL-SPECTRUM HEALTH SERVICES provided are customized to RELIEVE and RESOLVE MEN'S HEALTH ISSUES !***SPORTS INJURIES INCLUDED****Massage, Nutrition, Acupuncture and Chinese Herbal MedicineAsk about the INTRODUCTORY OFFER.......4 HANDED MASSAGE $140/ HOUR.Get PAMPERED like you NEVER HAVE BEFORE !!*****24 hour notice is recommended*****Appointments will NOT be scheduled via text or email.Call NOW to schedule show contact infoMonday  ---  Sunday9:00 AM -- 8:00 PM"
New to Grand Junction !!!,https://westslope.craigslist.org/thp/d/new-to-grand-junction/6417206899.html,"GRAND,JUNCTION",2017-12-08 06:04:04,,,,2017-12-13 17:44:55.937000,CL1,"Amazing Massage Given By Lora LMT at The Spa on 25th !!!Get your 60 minute , 90 minute or 120 minute relaxation given by Lora or upgrade to a 4-handed massage given by me and one of my colleagues (24 hour notice is required for 4-handed) at our new location downtown G.J.Couples massage is available with advance notice. Mobile massage service availablePlease call  ,text or email with your name contact info and the type of massage you're requesting"
,https://twinfalls.craigslist.org/thp/d/angel-massage/6424234667.html,, ,,,,2017-12-13 17:45:01.253000,CL1, 
,https://twinfalls.craigslist.org/thp/d/angel-massage/6422868779.html,, ,,,,2017-12-13 17:45:06.626000,CL1, 
,https://twinfalls.craigslist.org/thp/d/grand-opening-asian-massage/6422851909.html,, ,,,,2017-12-13 17:45:11.922000,CL1, 
,https://twinfalls.craigslist.org/thp/d/angel-massage/6421418972.html,, ,,,,2017-12-13 17:45:17.290000,CL1, 
ðŸŒ¹Asian Massage-Free Table Shower-Soothing relaxing 208-313-8735,https://twinfalls.craigslist.org/thp/d/asian-massage-free-table/6421202801.html,"Yellowstone,Ave,Suite,M,Pocatello",2017-12-11 10:03:31,42.883738,12.451446,475 Yellowstone Ave Suite M,2017-12-13 17:45:22.626000,CL1,"Grand Opening Asian MassageBest Massage from beautiful international masseusesCome see and enjoy all that we have to offer!  NECK PAIN  SHOULDER PAIN  BACK PAIN  MUSCLE PAIN  We Help your body and mind relax while improving your overall health! Free Table Shower open 7 day a week 9:30am--9:30pmTel:  show contact info475 Yellowstone Ave Suite M Pocatello ID 83201* Oil Massage /Deep Tissue / Swedish / Shiatsu   /Body massageEnjoy a relaxing Asian Massage today. Asian Full Body Massage relaxes your body, stimulates circulation andcalms the mind. Loosen tight muscles. relieve stress and ease tension.Walk-ins welcome! "
,https://twinfalls.craigslist.org/thp/d/angel-massage/6420340640.html,, ,,,,2017-12-13 17:45:27.964000,CL1, 
❤ ❤ ★ ASIA ★ MAGIC ★ MASSAGE ★ ❤,https://twinfalls.craigslist.org/thp/d/asia-magic-massage/6420050892.html,"TWIN,FALLS",2017-12-10 11:07:13,42.566180,14.460289,266 Blue Lakes Blvd North,2017-12-13 17:45:33.255000,CL1,"266 Blue Lakes Blvd North.Twin Falls,ID 83301TEL: show contact info9:00Am-10:30pm (we open 7 days a week)We have a new and comfortable environmentRelieve and cure your pains from neck, shoulder, arms, back, lower back Professional Massage Servicesprivate rooms available,luxury design, experienced therapists Help your body and mind relax while improving your overall health! "
❤️❤️ Sunflower Day Spa ❤️❤,https://twinfalls.craigslist.org/thp/d/sunflower-day-spa/6419176527.html,"Addison,Ave,E",2017-12-09 14:15:14,42.563206,14.457972,1286 Addison Ave. E.,2017-12-13 17:45:38.546000,CL1,"Lucy is back in Twin Falls and working at SunFlower, come in and say hello show contact infoFeeling tired and rundown...come in and relax to a soothing touch by one of our 2 experienced Women.***Our Staff is New*** Welcome To Asian Massage  ~ DEEP TISSUE ~ SWEDISH ~ OIL MASSAGE~ FOOT MASSAGE ~ Private massage rooms, clean, quite and comfortable Open Daily 9am to 10pm** Body Massage cash only.*** ** $40 for 40min ** ** $60 for 60min ** ** $90 for 90min ** Improves: Quality of Sleep, Joint Movement, Muscle Tone, Blood Circulation, Digestive Efficiency, Elimination of Toxins Here is Very Clean & Comforting Private Space. Help your body and mind relax while improving your overall health! Walk-in-Welcome Tel  show contact info  1286 Addison Ave. E.Twin Falls, Idaho 83301"
CHINESE SPA - BEST THERAPEUTIC MASSAGE IN TOWN!,https://twinfalls.craigslist.org/thp/d/chinese-spa-best-therapeutic/6418878890.html,"ADDISON,AVE,E,TWIN,FALLS,ID",2017-12-09 10:52:00,42.563189,14.455158,1537 ADDISON AVE E,2017-12-13 17:45:43.758000,CL1,"*** CHINESE SPA SERVING TWIN FALLS FOR OVER FIVE YEARS ***1537 ADDISON AVE ETWIN FALLS, ID 83301-5342 Open Monday through Sunday 9:30 AM to 10:30 PM.Our attractive and experienced Asian masseuses learned the art of therapeutic massage in China and the U.S.One Hour Massage: $50.00.Half an Hour Massage: $40.00Swedish - Shiatsu - Foot Massage - Table Shower and more!Promotes relaxation and well-being!Reduces stress and tension!Relieves aches and pains!Phone for an appointment or just walk in !You will be glad you did!    "
,https://twinfalls.craigslist.org/thp/d/angel-massage/6417750042.html,, ,,,,2017-12-13 17:45:49.038000,CL1, 
ðŸŒ¹Asian Massage-Free Table Shower-Soothing relaxing 208-313-8735,https://twinfalls.craigslist.org/thp/d/asian-massage-free-table/6417475332.html,"Yellowstone,Ave,Suite,M,Pocatello",2017-12-08 09:44:30,42.883738,12.451446,475 Yellowstone Ave Suite M,2017-12-13 17:45:54.350000,CL1,"Grand Opening Asian MassageBest Massage from beautiful international masseusesCome see and enjoy all that we have to offer!  NECK PAIN  SHOULDER PAIN  BACK PAIN  MUSCLE PAIN  We Help your body and mind relax while improving your overall health! Free Table Shower open 7 day a week 9:30am--9:30pmTel:  show contact info475 Yellowstone Ave Suite M Pocatello ID 83201* Oil Massage /Deep Tissue / Swedish / Shiatsu   /Body massageEnjoy a relaxing Asian Massage today. Asian Full Body Massage relaxes your body, stimulates circulation andcalms the mind. Loosen tight muscles. relieve stress and ease tension.Walk-ins welcome! "
,https://twinfalls.craigslist.org/thp/d/grand-opening-asian-massage/6417473541.html,, ,,,,2017-12-13 17:45:59.640000,CL1, 
,https://twinfalls.craigslist.org/thp/d/angel-massage/6416382728.html,, ,,,,2017-12-13 17:46:04.992000,CL1, 
